image,x1,y1,x2,y2,label,shape
image1.png,798.1231671554252,809.9472140762463,1998.2639296187683,1980.5278592375366,Object,Rectangle
image2.png,1799.4134897360705,1573.724340175953,3275.542521994135,3007.155425219941,Object,Rectangle
image3.png,2909.5601173020527,2574.076246334311,3482.932551319648,3135.24926686217,Object,Rectangle
image3.png,79.29618768328446,152.4926686217009,182.99120234604106,256.1876832844575,Object,Rectangle
image3.png,5129.853372434018,3519.5307917888563,5660.527859237537,3745.2199413489734,Object,Rectangle
