image,x1,y1,x2,y2,label,shape
image1.png,1286.4,1337.6,2131.2,2227.2,alive,Rectangle
image1.png,819.2,1049.6,1491.2,2035.2,alive,Rectangle
image2.png,1914.9206349206352,1934.7301587301588,2865.777777777778,2410.15873015873,alive,Rectangle
image2.png,3664.761904761905,3222.3492063492067,2865.777777777778,2542.2222222222226,dead,Rectangle
image3.png,1393.2698412698414,1743.2380952380954,2667.6825396825398,2555.4285714285716,dead,Rectangle
image3.png,3796.825396825397,1162.1587301587304,4978.793650793651,2258.285714285714,dead,Rectangle
