image,x1,y1,x2,y2,label,shape
image1.png,1312.5981308411215,1048.822429906542,2562.3925233644864,2907.8130841121497,Cat,Rectangle
image2.png,1896.677966101695,1847.322033898305,4054.237288135593,3433.762711864407,Cat,Rectangle
image3.png,1233.8983050847457,1544.135593220339,2996.6101694915255,2425.491525423729,Car,Rectangle
