image,x1,y1,x2,y2,label,shape
image1.png,1325.4822335025378,974.6192893401014,2456.0406091370555,2777.664974619289,Dog,Rectangle
image2.png,2363.0650229635003,2111.6751269035535,3851.2932076383854,3278.1242446217066,Dog,Rectangle
image3.png,1327.3386511965193,1608.8953347836596,2704.9552816050277,2383.176214648296,Dog,Rectangle
