image,x1,y1,x2,y2,label,shape
image1.png,1107.0915254237289,847.4033898305084,2467.037288135593,2986.413559322034,Person,Rectangle
image2.png,1769.7627118644068,1776.813559322034,4272.813559322034,3328.0,Car,Rectangle
image3.png,719.1864406779662,1381.9661016949153,3179.9322033898306,2503.0508474576272,Dog,Rectangle
