image,x1,y1,x2,y2,label,shape
image1.png,562.2429906542056,532.3364485981309,1178.3177570093458,1330.8411214953271,Person,Rectangle
image2.png,598.7796610169491,540.2033898305085,1280.0,1076.0677966101696,Dog,Rectangle
image3.png,715.9322033898305,718.1016949152543,468.6101694915254,451.2542372881356,Dog,Rectangle
image3.png,1060.8813559322034,258.1694915254237,1312.542372881356,446.91525423728814,Person,Rectangle
image3.png,997.9661016949152,598.7796610169491,1299.5254237288136,833.0847457627119,Car,Rectangle
image3.png,954.5762711864406,763.6610169491526,1219.2542372881355,919.8644067796611,Cat,Rectangle
image3.png,698.5762711864406,275.52542372881356,958.9152542372881,507.66101694915255,Caterw,Rectangle
